{
    "git_tags": "binary-release-2016-05-28-173-gfafc357+develop.rec",
    "name": "lists",
    "number": 1000,
    "optimization_flags": "-DNDEBUG -O3",
    "platform": {
        "system": "Darwin",
        "version": "10.9.5"
    },
    "results": {
        "add_color": 0.024877288145944476,
        "add_list": 0.033262460958212614,
        "add_number": 0.02025238098576665,
        "add_to_color": 0.031809617998078465,
        "add_to_list": 0.03811113885603845,
        "add_to_number": 0.025561166927218437,
        "compare": 0.032392515102401376,
        "invert": 0.03022320196032524,
        "replace_all": 0.016490726033225656,
        "rotate": 0.01768161915242672,
        "rotate_to": 0.015178254805505276
    },
    "size": 10240,
    "timestamp": "20160712-012809"
}