{
    "git_tags": "binary-release-2016-05-28-173-gfafc357+develop.rec",
    "name": "lists",
    "number": 1000,
    "optimization_flags": "-DNDEBUG -O3 -ffast-math",
    "platform": {
        "system": "Darwin",
        "version": "10.9.5"
    },
    "results": {
        "add_color": 0.021404871018603444,
        "add_list": 0.03236201498657465,
        "add_number": 0.01937874802388251,
        "add_to_color": 0.02567592402920127,
        "add_to_list": 0.030093667097389698,
        "add_to_number": 0.02153200702741742,
        "compare": 0.028071759967133403,
        "invert": 0.024566969135776162,
        "replace_all": 0.013962311204522848,
        "rotate": 0.014167742105200887,
        "rotate_to": 0.013728945050388575
    },
    "size": 10240,
    "timestamp": "20160712-012842"
}